"sp","rho","X_1","X_2","X_3","X_4","X_5","X_6","X_7","X_8","X_9","X_10","vlag_1","vlag_2","vlag_3","vlag_4","vlag_5","vlag_6","vlag_7","vlag_8","vlag_9","vlag_10"
1,0.932632430824599,1,4,3,2,4,NA,NA,NA,NA,NA,1,1,2,2,2,NA,NA,NA,NA,NA
1,0.932632430824599,1,4,3,2,4,NA,NA,NA,NA,NA,1,2,2,2,1,NA,NA,NA,NA,NA
1,0.932632430824599,1,2,3,4,4,NA,NA,NA,NA,NA,1,2,2,2,1,NA,NA,NA,NA,NA
1,0.932632430824599,1,4,3,4,2,NA,NA,NA,NA,NA,1,2,2,1,2,NA,NA,NA,NA,NA
1,0.932632430824599,1,3,2,4,4,NA,NA,NA,NA,NA,1,2,2,1,2,NA,NA,NA,NA,NA
1,0.932632430824599,1,2,3,4,4,NA,NA,NA,NA,NA,1,2,2,1,2,NA,NA,NA,NA,NA
1,0.932632430824599,1,2,4,3,4,NA,NA,NA,NA,NA,1,2,1,2,2,NA,NA,NA,NA,NA
1,0.932632430824599,1,4,2,3,4,NA,NA,NA,NA,NA,1,2,2,2,1,NA,NA,NA,NA,NA
1,0.932632430824599,1,2,3,4,4,NA,NA,NA,NA,NA,1,2,2,2,1,NA,NA,NA,NA,NA
1,0.932632430824599,1,4,2,4,3,NA,NA,NA,NA,NA,1,2,2,1,2,NA,NA,NA,NA,NA
1,0.932632430824599,1,4,2,4,3,NA,NA,NA,NA,NA,1,2,2,1,2,NA,NA,NA,NA,NA
1,0.932632430824599,1,4,4,3,2,NA,NA,NA,NA,NA,1,1,2,2,2,NA,NA,NA,NA,NA
1,0.932632430824599,1,4,4,2,3,NA,NA,NA,NA,NA,1,2,1,2,2,NA,NA,NA,NA,NA
1,0.932632430824599,1,4,3,4,2,NA,NA,NA,NA,NA,1,2,2,1,2,NA,NA,NA,NA,NA
1,0.932632430824599,1,2,4,3,4,NA,NA,NA,NA,NA,1,2,2,2,1,NA,NA,NA,NA,NA
1,0.932632430824599,1,3,4,2,4,NA,NA,NA,NA,NA,1,2,1,2,2,NA,NA,NA,NA,NA
1,0.932632430824599,1,3,2,4,4,NA,NA,NA,NA,NA,1,2,2,1,2,NA,NA,NA,NA,NA
1,0.932632430824599,1,4,4,2,3,NA,NA,NA,NA,NA,1,1,2,2,2,NA,NA,NA,NA,NA
1,0.932632430824599,1,3,4,2,4,NA,NA,NA,NA,NA,1,2,1,2,2,NA,NA,NA,NA,NA
1,0.932632430824599,1,3,4,2,4,NA,NA,NA,NA,NA,1,2,1,2,2,NA,NA,NA,NA,NA
1,0.932632430824599,1,4,2,3,4,NA,NA,NA,NA,NA,1,1,2,2,2,NA,NA,NA,NA,NA
1,0.932632430824599,1,4,4,3,2,NA,NA,NA,NA,NA,1,1,2,2,2,NA,NA,NA,NA,NA
1,0.932632430824599,1,3,4,4,2,NA,NA,NA,NA,NA,1,2,2,1,2,NA,NA,NA,NA,NA
1,0.932632430824599,1,4,2,3,4,NA,NA,NA,NA,NA,1,1,2,2,2,NA,NA,NA,NA,NA
1,0.932632430824599,1,4,3,4,2,NA,NA,NA,NA,NA,1,1,2,2,2,NA,NA,NA,NA,NA
1,0.932632430824599,1,4,2,4,3,NA,NA,NA,NA,NA,1,2,2,1,2,NA,NA,NA,NA,NA
1,0.932632430824599,1,3,2,4,4,NA,NA,NA,NA,NA,1,2,2,2,1,NA,NA,NA,NA,NA
1,0.932632430824599,1,4,2,3,4,NA,NA,NA,NA,NA,1,1,2,2,2,NA,NA,NA,NA,NA
1,0.932632430824599,1,4,4,3,2,NA,NA,NA,NA,NA,1,1,2,2,2,NA,NA,NA,NA,NA
1,0.923524694717416,1,2,2,4,4,NA,NA,NA,NA,NA,1,3,2,1,2,NA,NA,NA,NA,NA
1,0.923524694717416,1,2,2,4,4,NA,NA,NA,NA,NA,1,2,3,1,2,NA,NA,NA,NA,NA
1,0.923524694717416,1,2,4,4,2,NA,NA,NA,NA,NA,1,2,1,2,3,NA,NA,NA,NA,NA
1,0.923524694717416,1,4,2,2,4,NA,NA,NA,NA,NA,1,2,2,3,1,NA,NA,NA,NA,NA
1,0.923524694717416,1,4,4,2,2,NA,NA,NA,NA,NA,1,1,2,2,3,NA,NA,NA,NA,NA
1,0.923524694717416,1,4,2,4,2,NA,NA,NA,NA,NA,1,1,3,2,2,NA,NA,NA,NA,NA
1,0.923524694717416,1,4,2,4,2,NA,NA,NA,NA,NA,1,2,2,1,3,NA,NA,NA,NA,NA
1,0.923524694717416,1,2,4,2,4,NA,NA,NA,NA,NA,1,3,1,2,2,NA,NA,NA,NA,NA
1,0.923524694717416,1,4,2,4,2,NA,NA,NA,NA,NA,1,2,3,1,2,NA,NA,NA,NA,NA
1,0.923524694717416,1,2,4,2,4,NA,NA,NA,NA,NA,1,2,2,3,1,NA,NA,NA,NA,NA
1,0.923524694717416,1,2,4,2,4,NA,NA,NA,NA,NA,1,3,1,2,2,NA,NA,NA,NA,NA
1,0.923524694717416,1,2,4,4,2,NA,NA,NA,NA,NA,1,2,1,2,3,NA,NA,NA,NA,NA
1,0.923524694717416,1,4,2,2,4,NA,NA,NA,NA,NA,1,1,3,2,2,NA,NA,NA,NA,NA
1,0.923524694717416,1,2,2,4,4,NA,NA,NA,NA,NA,1,2,3,2,1,NA,NA,NA,NA,NA
1,0.923524694717416,1,4,2,4,2,NA,NA,NA,NA,NA,1,2,2,1,3,NA,NA,NA,NA,NA
1,0.923524694717416,1,2,4,2,4,NA,NA,NA,NA,NA,1,2,1,3,2,NA,NA,NA,NA,NA
1,0.923524694717416,1,4,4,2,2,NA,NA,NA,NA,NA,1,2,1,3,2,NA,NA,NA,NA,NA
1,0.923524694717416,1,4,2,2,4,NA,NA,NA,NA,NA,1,1,3,2,2,NA,NA,NA,NA,NA
1,0.923524694717416,1,4,2,4,2,NA,NA,NA,NA,NA,1,2,2,1,3,NA,NA,NA,NA,NA
1,0.923524694717416,1,2,2,4,4,NA,NA,NA,NA,NA,1,3,2,2,1,NA,NA,NA,NA,NA
1,0.923524694717416,1,4,2,2,4,NA,NA,NA,NA,NA,1,1,2,3,2,NA,NA,NA,NA,NA
1,0.923524694717416,1,2,4,4,2,NA,NA,NA,NA,NA,1,3,1,2,2,NA,NA,NA,NA,NA
1,0.923524694717416,1,4,2,4,2,NA,NA,NA,NA,NA,1,1,2,2,3,NA,NA,NA,NA,NA
1,0.923524694717416,1,2,2,4,4,NA,NA,NA,NA,NA,1,2,3,2,1,NA,NA,NA,NA,NA
1,0.923524694717416,1,2,4,4,2,NA,NA,NA,NA,NA,1,2,1,2,3,NA,NA,NA,NA,NA
1,0.923524694717416,1,4,2,2,4,NA,NA,NA,NA,NA,1,2,3,2,1,NA,NA,NA,NA,NA
1,0.923524694717416,1,4,2,2,4,NA,NA,NA,NA,NA,1,2,2,3,1,NA,NA,NA,NA,NA
1,0.923524694717416,1,2,2,4,4,NA,NA,NA,NA,NA,1,2,3,2,1,NA,NA,NA,NA,NA
1,0.923524694717416,1,4,2,4,2,NA,NA,NA,NA,NA,1,1,3,2,2,NA,NA,NA,NA,NA
1,0.923524694717416,1,4,4,2,2,NA,NA,NA,NA,NA,1,2,1,3,2,NA,NA,NA,NA,NA
1,0.923524694717416,1,4,2,4,2,NA,NA,NA,NA,NA,1,2,2,1,3,NA,NA,NA,NA,NA
1,0.923524694717416,1,2,4,4,2,NA,NA,NA,NA,NA,1,2,1,2,3,NA,NA,NA,NA,NA
1,0.923524694717416,1,2,4,4,2,NA,NA,NA,NA,NA,1,3,1,2,2,NA,NA,NA,NA,NA
1,0.923524694717416,1,4,4,2,2,NA,NA,NA,NA,NA,1,2,1,2,3,NA,NA,NA,NA,NA
1,0.923524694717416,1,4,4,2,2,NA,NA,NA,NA,NA,1,1,2,3,2,NA,NA,NA,NA,NA
1,0.923524694717416,1,4,4,2,2,NA,NA,NA,NA,NA,1,1,2,2,3,NA,NA,NA,NA,NA
1,0.923524694717416,1,4,4,2,2,NA,NA,NA,NA,NA,1,2,1,2,3,NA,NA,NA,NA,NA
1,0.923524694717416,1,2,2,4,4,NA,NA,NA,NA,NA,1,3,2,2,1,NA,NA,NA,NA,NA
1,0.923524694717416,1,2,4,4,2,NA,NA,NA,NA,NA,1,3,2,1,2,NA,NA,NA,NA,NA
1,0.923524694717416,1,2,2,4,4,NA,NA,NA,NA,NA,1,2,3,1,2,NA,NA,NA,NA,NA
1,0.923524694717416,1,4,2,4,2,NA,NA,NA,NA,NA,1,2,2,1,3,NA,NA,NA,NA,NA
1,0.923524694717416,1,4,2,4,2,NA,NA,NA,NA,NA,1,1,3,2,2,NA,NA,NA,NA,NA
1,0.923524694717416,1,2,2,4,4,NA,NA,NA,NA,NA,1,3,2,1,2,NA,NA,NA,NA,NA
1,0.923494038232037,1,2,4,3,3,NA,NA,NA,NA,NA,1,2,2,2,3,NA,NA,NA,NA,NA
1,0.923494038232037,1,3,2,3,4,NA,NA,NA,NA,NA,1,2,2,3,2,NA,NA,NA,NA,NA
1,0.923494038232037,1,4,3,3,2,NA,NA,NA,NA,NA,1,2,3,2,2,NA,NA,NA,NA,NA
1,0.923494038232037,1,3,2,4,3,NA,NA,NA,NA,NA,1,3,2,2,2,NA,NA,NA,NA,NA
1,0.923494038232037,1,2,3,4,3,NA,NA,NA,NA,NA,1,2,3,2,2,NA,NA,NA,NA,NA
1,0.923494038232037,1,4,3,3,2,NA,NA,NA,NA,NA,1,2,3,2,2,NA,NA,NA,NA,NA
1,0.923494038232037,1,2,4,3,3,NA,NA,NA,NA,NA,1,2,2,2,3,NA,NA,NA,NA,NA
1,0.923494038232037,1,2,3,3,4,NA,NA,NA,NA,NA,1,2,3,2,2,NA,NA,NA,NA,NA
1,0.923494038232037,1,2,4,3,3,NA,NA,NA,NA,NA,1,2,2,2,3,NA,NA,NA,NA,NA
1,0.923494038232037,1,4,3,2,3,NA,NA,NA,NA,NA,1,2,3,2,2,NA,NA,NA,NA,NA
1,0.923494038232037,1,4,2,3,3,NA,NA,NA,NA,NA,1,2,2,2,3,NA,NA,NA,NA,NA
1,0.923494038232037,1,3,3,2,4,NA,NA,NA,NA,NA,1,3,2,2,2,NA,NA,NA,NA,NA
1,0.923494038232037,1,3,2,3,4,NA,NA,NA,NA,NA,1,2,2,3,2,NA,NA,NA,NA,NA
1,0.923494038232037,1,3,3,2,4,NA,NA,NA,NA,NA,1,2,3,2,2,NA,NA,NA,NA,NA
1,0.923494038232037,1,3,4,3,2,NA,NA,NA,NA,NA,1,2,2,3,2,NA,NA,NA,NA,NA
1,0.923494038232037,1,4,3,3,2,NA,NA,NA,NA,NA,1,2,2,3,2,NA,NA,NA,NA,NA
1,0.923494038232037,1,2,3,4,3,NA,NA,NA,NA,NA,1,2,2,2,3,NA,NA,NA,NA,NA
1,0.923494038232037,1,3,2,3,4,NA,NA,NA,NA,NA,1,2,2,3,2,NA,NA,NA,NA,NA
1,0.923494038232037,1,3,3,2,4,NA,NA,NA,NA,NA,1,3,2,2,2,NA,NA,NA,NA,NA
1,0.923494038232037,1,4,3,3,2,NA,NA,NA,NA,NA,1,2,2,3,2,NA,NA,NA,NA,NA
1,0.923494038232037,1,2,4,3,3,NA,NA,NA,NA,NA,1,2,2,2,3,NA,NA,NA,NA,NA
1,0.923494038232037,1,4,3,2,3,NA,NA,NA,NA,NA,1,2,2,2,3,NA,NA,NA,NA,NA
1,0.923494038232037,1,3,4,2,3,NA,NA,NA,NA,NA,1,3,2,2,2,NA,NA,NA,NA,NA
1,0.923494038232037,1,4,2,3,3,NA,NA,NA,NA,NA,1,2,2,2,3,NA,NA,NA,NA,NA
1,0.923494038232037,1,3,2,3,4,NA,NA,NA,NA,NA,1,3,2,2,2,NA,NA,NA,NA,NA
1,0.923494038232037,1,2,3,3,4,NA,NA,NA,NA,NA,1,2,2,3,2,NA,NA,NA,NA,NA
1,0.923494038232037,1,2,3,3,4,NA,NA,NA,NA,NA,1,2,2,3,2,NA,NA,NA,NA,NA
1,0.923494038232037,1,3,3,2,4,NA,NA,NA,NA,NA,1,2,3,2,2,NA,NA,NA,NA,NA
2,0.884075151522225,2,2,NA,NA,NA,NA,NA,NA,NA,NA,1,2,NA,NA,NA,NA,NA,NA,NA,NA
2,0.884075151522225,2,2,NA,NA,NA,NA,NA,NA,NA,NA,1,2,NA,NA,NA,NA,NA,NA,NA,NA
2,0.884075151522225,2,2,NA,NA,NA,NA,NA,NA,NA,NA,1,2,NA,NA,NA,NA,NA,NA,NA,NA
2,0.884075151522225,2,2,NA,NA,NA,NA,NA,NA,NA,NA,1,2,NA,NA,NA,NA,NA,NA,NA,NA
2,0.884075151522225,2,2,NA,NA,NA,NA,NA,NA,NA,NA,1,2,NA,NA,NA,NA,NA,NA,NA,NA
2,0.884075151522225,2,2,NA,NA,NA,NA,NA,NA,NA,NA,1,2,NA,NA,NA,NA,NA,NA,NA,NA
2,0.884075151522225,2,2,NA,NA,NA,NA,NA,NA,NA,NA,1,2,NA,NA,NA,NA,NA,NA,NA,NA
2,0.884075151522225,2,2,NA,NA,NA,NA,NA,NA,NA,NA,1,2,NA,NA,NA,NA,NA,NA,NA,NA
2,0.884075151522225,2,2,NA,NA,NA,NA,NA,NA,NA,NA,1,2,NA,NA,NA,NA,NA,NA,NA,NA
2,0.884075151522225,2,2,NA,NA,NA,NA,NA,NA,NA,NA,1,2,NA,NA,NA,NA,NA,NA,NA,NA
2,0.884075151522225,2,2,NA,NA,NA,NA,NA,NA,NA,NA,1,2,NA,NA,NA,NA,NA,NA,NA,NA
2,0.884075151522225,2,2,NA,NA,NA,NA,NA,NA,NA,NA,1,2,NA,NA,NA,NA,NA,NA,NA,NA
2,0.884075151522225,2,2,NA,NA,NA,NA,NA,NA,NA,NA,1,2,NA,NA,NA,NA,NA,NA,NA,NA
2,0.884075151522225,2,2,NA,NA,NA,NA,NA,NA,NA,NA,1,2,NA,NA,NA,NA,NA,NA,NA,NA
2,0.884075151522225,2,2,NA,NA,NA,NA,NA,NA,NA,NA,1,2,NA,NA,NA,NA,NA,NA,NA,NA
2,0.884075151522225,2,2,NA,NA,NA,NA,NA,NA,NA,NA,1,2,NA,NA,NA,NA,NA,NA,NA,NA
2,0.884075151522225,2,2,NA,NA,NA,NA,NA,NA,NA,NA,1,2,NA,NA,NA,NA,NA,NA,NA,NA
2,0.884075151522225,2,2,NA,NA,NA,NA,NA,NA,NA,NA,1,2,NA,NA,NA,NA,NA,NA,NA,NA
2,0.884075151522225,2,2,NA,NA,NA,NA,NA,NA,NA,NA,1,2,NA,NA,NA,NA,NA,NA,NA,NA
2,0.884075151522225,2,2,NA,NA,NA,NA,NA,NA,NA,NA,1,2,NA,NA,NA,NA,NA,NA,NA,NA
2,0.884075151522225,2,2,NA,NA,NA,NA,NA,NA,NA,NA,1,2,NA,NA,NA,NA,NA,NA,NA,NA
2,0.884075151522225,2,2,NA,NA,NA,NA,NA,NA,NA,NA,1,2,NA,NA,NA,NA,NA,NA,NA,NA
2,0.884075151522225,2,2,NA,NA,NA,NA,NA,NA,NA,NA,1,2,NA,NA,NA,NA,NA,NA,NA,NA
2,0.884075151522225,2,2,NA,NA,NA,NA,NA,NA,NA,NA,1,2,NA,NA,NA,NA,NA,NA,NA,NA
2,0.884075151522225,2,2,NA,NA,NA,NA,NA,NA,NA,NA,1,2,NA,NA,NA,NA,NA,NA,NA,NA
2,0.884075151522225,2,2,NA,NA,NA,NA,NA,NA,NA,NA,1,2,NA,NA,NA,NA,NA,NA,NA,NA
2,0.884075151522225,2,2,NA,NA,NA,NA,NA,NA,NA,NA,1,2,NA,NA,NA,NA,NA,NA,NA,NA
2,0.884075151522225,2,2,NA,NA,NA,NA,NA,NA,NA,NA,1,2,NA,NA,NA,NA,NA,NA,NA,NA
2,0.884075151522225,2,2,NA,NA,NA,NA,NA,NA,NA,NA,1,2,NA,NA,NA,NA,NA,NA,NA,NA
2,0.884075151522225,2,2,NA,NA,NA,NA,NA,NA,NA,NA,1,2,NA,NA,NA,NA,NA,NA,NA,NA
2,0.884075151522225,2,2,NA,NA,NA,NA,NA,NA,NA,NA,1,2,NA,NA,NA,NA,NA,NA,NA,NA
2,0.884075151522225,2,2,NA,NA,NA,NA,NA,NA,NA,NA,1,2,NA,NA,NA,NA,NA,NA,NA,NA
2,0.884075151522225,2,2,NA,NA,NA,NA,NA,NA,NA,NA,1,2,NA,NA,NA,NA,NA,NA,NA,NA
2,0.884075151522225,2,2,NA,NA,NA,NA,NA,NA,NA,NA,1,2,NA,NA,NA,NA,NA,NA,NA,NA
2,0.884075151522225,2,2,NA,NA,NA,NA,NA,NA,NA,NA,1,2,NA,NA,NA,NA,NA,NA,NA,NA
2,0.884075151522225,2,2,NA,NA,NA,NA,NA,NA,NA,NA,1,2,NA,NA,NA,NA,NA,NA,NA,NA
2,0.884075151522225,2,2,NA,NA,NA,NA,NA,NA,NA,NA,1,2,NA,NA,NA,NA,NA,NA,NA,NA
2,0.884075151522225,2,2,NA,NA,NA,NA,NA,NA,NA,NA,1,2,NA,NA,NA,NA,NA,NA,NA,NA
2,0.884075151522225,2,2,NA,NA,NA,NA,NA,NA,NA,NA,1,2,NA,NA,NA,NA,NA,NA,NA,NA
2,0.884075151522225,2,2,NA,NA,NA,NA,NA,NA,NA,NA,1,2,NA,NA,NA,NA,NA,NA,NA,NA
2,0.884075151522225,2,2,NA,NA,NA,NA,NA,NA,NA,NA,1,2,NA,NA,NA,NA,NA,NA,NA,NA
2,0.884075151522225,2,2,NA,NA,NA,NA,NA,NA,NA,NA,1,2,NA,NA,NA,NA,NA,NA,NA,NA
2,0.884075151522225,2,2,NA,NA,NA,NA,NA,NA,NA,NA,1,2,NA,NA,NA,NA,NA,NA,NA,NA
2,0.884075151522225,2,2,NA,NA,NA,NA,NA,NA,NA,NA,1,2,NA,NA,NA,NA,NA,NA,NA,NA
2,0.884075151522225,2,2,NA,NA,NA,NA,NA,NA,NA,NA,1,2,NA,NA,NA,NA,NA,NA,NA,NA
2,0.884075151522225,2,2,NA,NA,NA,NA,NA,NA,NA,NA,1,2,NA,NA,NA,NA,NA,NA,NA,NA
2,0.884075151522225,2,2,NA,NA,NA,NA,NA,NA,NA,NA,1,2,NA,NA,NA,NA,NA,NA,NA,NA
2,0.884075151522225,2,2,NA,NA,NA,NA,NA,NA,NA,NA,1,2,NA,NA,NA,NA,NA,NA,NA,NA
2,0.884075151522225,2,2,NA,NA,NA,NA,NA,NA,NA,NA,1,2,NA,NA,NA,NA,NA,NA,NA,NA
2,0.884075151522225,2,2,NA,NA,NA,NA,NA,NA,NA,NA,1,2,NA,NA,NA,NA,NA,NA,NA,NA
2,0.884075151522225,2,2,NA,NA,NA,NA,NA,NA,NA,NA,1,2,NA,NA,NA,NA,NA,NA,NA,NA
2,0.884075151522225,2,2,NA,NA,NA,NA,NA,NA,NA,NA,1,2,NA,NA,NA,NA,NA,NA,NA,NA
2,0.884075151522225,2,2,NA,NA,NA,NA,NA,NA,NA,NA,1,2,NA,NA,NA,NA,NA,NA,NA,NA
2,0.884075151522225,2,2,NA,NA,NA,NA,NA,NA,NA,NA,1,2,NA,NA,NA,NA,NA,NA,NA,NA
2,0.884075151522225,2,2,NA,NA,NA,NA,NA,NA,NA,NA,1,2,NA,NA,NA,NA,NA,NA,NA,NA
2,0.884075151522225,2,2,NA,NA,NA,NA,NA,NA,NA,NA,1,2,NA,NA,NA,NA,NA,NA,NA,NA
2,0.884075151522225,2,2,NA,NA,NA,NA,NA,NA,NA,NA,1,2,NA,NA,NA,NA,NA,NA,NA,NA
2,0.884075151522225,2,2,NA,NA,NA,NA,NA,NA,NA,NA,1,2,NA,NA,NA,NA,NA,NA,NA,NA
2,0.884075151522225,2,2,NA,NA,NA,NA,NA,NA,NA,NA,1,2,NA,NA,NA,NA,NA,NA,NA,NA
2,0.884075151522225,2,2,NA,NA,NA,NA,NA,NA,NA,NA,1,2,NA,NA,NA,NA,NA,NA,NA,NA
2,0.884075151522225,2,2,NA,NA,NA,NA,NA,NA,NA,NA,1,2,NA,NA,NA,NA,NA,NA,NA,NA
2,0.884075151522225,2,2,NA,NA,NA,NA,NA,NA,NA,NA,1,2,NA,NA,NA,NA,NA,NA,NA,NA
2,0.884075151522225,2,2,NA,NA,NA,NA,NA,NA,NA,NA,1,2,NA,NA,NA,NA,NA,NA,NA,NA
2,0.884075151522225,2,2,NA,NA,NA,NA,NA,NA,NA,NA,1,2,NA,NA,NA,NA,NA,NA,NA,NA
2,0.884075151522225,2,2,NA,NA,NA,NA,NA,NA,NA,NA,1,2,NA,NA,NA,NA,NA,NA,NA,NA
2,0.884075151522225,2,2,NA,NA,NA,NA,NA,NA,NA,NA,1,2,NA,NA,NA,NA,NA,NA,NA,NA
2,0.884075151522225,2,2,NA,NA,NA,NA,NA,NA,NA,NA,1,2,NA,NA,NA,NA,NA,NA,NA,NA
2,0.884075151522225,2,2,NA,NA,NA,NA,NA,NA,NA,NA,1,2,NA,NA,NA,NA,NA,NA,NA,NA
2,0.884075151522225,2,2,NA,NA,NA,NA,NA,NA,NA,NA,1,2,NA,NA,NA,NA,NA,NA,NA,NA
2,0.884075151522225,2,2,NA,NA,NA,NA,NA,NA,NA,NA,1,2,NA,NA,NA,NA,NA,NA,NA,NA
2,0.884075151522225,2,2,NA,NA,NA,NA,NA,NA,NA,NA,1,2,NA,NA,NA,NA,NA,NA,NA,NA
2,0.884075151522225,2,2,NA,NA,NA,NA,NA,NA,NA,NA,1,2,NA,NA,NA,NA,NA,NA,NA,NA
2,0.884075151522225,2,2,NA,NA,NA,NA,NA,NA,NA,NA,1,2,NA,NA,NA,NA,NA,NA,NA,NA
2,0.884075151522225,2,2,NA,NA,NA,NA,NA,NA,NA,NA,1,2,NA,NA,NA,NA,NA,NA,NA,NA
2,0.884075151522225,2,2,NA,NA,NA,NA,NA,NA,NA,NA,1,2,NA,NA,NA,NA,NA,NA,NA,NA
2,0.884075151522225,2,2,NA,NA,NA,NA,NA,NA,NA,NA,1,2,NA,NA,NA,NA,NA,NA,NA,NA
2,0.884075151522225,2,2,NA,NA,NA,NA,NA,NA,NA,NA,1,2,NA,NA,NA,NA,NA,NA,NA,NA
2,0.884075151522225,2,2,NA,NA,NA,NA,NA,NA,NA,NA,1,2,NA,NA,NA,NA,NA,NA,NA,NA
2,0.884075151522225,2,2,NA,NA,NA,NA,NA,NA,NA,NA,1,2,NA,NA,NA,NA,NA,NA,NA,NA
2,0.884075151522225,2,2,NA,NA,NA,NA,NA,NA,NA,NA,1,2,NA,NA,NA,NA,NA,NA,NA,NA
2,0.884075151522225,2,2,NA,NA,NA,NA,NA,NA,NA,NA,1,2,NA,NA,NA,NA,NA,NA,NA,NA
2,0.884075151522225,2,2,NA,NA,NA,NA,NA,NA,NA,NA,1,2,NA,NA,NA,NA,NA,NA,NA,NA
2,0.884075151522225,2,2,NA,NA,NA,NA,NA,NA,NA,NA,1,2,NA,NA,NA,NA,NA,NA,NA,NA
2,0.884075151522225,2,2,NA,NA,NA,NA,NA,NA,NA,NA,1,2,NA,NA,NA,NA,NA,NA,NA,NA
2,0.884075151522225,2,2,NA,NA,NA,NA,NA,NA,NA,NA,1,2,NA,NA,NA,NA,NA,NA,NA,NA
2,0.884075151522225,2,2,NA,NA,NA,NA,NA,NA,NA,NA,1,2,NA,NA,NA,NA,NA,NA,NA,NA
2,0.884075151522225,2,2,NA,NA,NA,NA,NA,NA,NA,NA,1,2,NA,NA,NA,NA,NA,NA,NA,NA
2,0.884075151522225,2,2,NA,NA,NA,NA,NA,NA,NA,NA,1,2,NA,NA,NA,NA,NA,NA,NA,NA
2,0.884075151522225,2,2,NA,NA,NA,NA,NA,NA,NA,NA,1,2,NA,NA,NA,NA,NA,NA,NA,NA
2,0.884075151522225,2,2,NA,NA,NA,NA,NA,NA,NA,NA,1,2,NA,NA,NA,NA,NA,NA,NA,NA
2,0.884075151522225,2,2,NA,NA,NA,NA,NA,NA,NA,NA,1,2,NA,NA,NA,NA,NA,NA,NA,NA
2,0.884075151522225,2,2,NA,NA,NA,NA,NA,NA,NA,NA,1,2,NA,NA,NA,NA,NA,NA,NA,NA
2,0.884075151522225,2,2,NA,NA,NA,NA,NA,NA,NA,NA,1,2,NA,NA,NA,NA,NA,NA,NA,NA
2,0.884075151522225,2,2,NA,NA,NA,NA,NA,NA,NA,NA,1,2,NA,NA,NA,NA,NA,NA,NA,NA
2,0.884075151522225,2,2,NA,NA,NA,NA,NA,NA,NA,NA,1,2,NA,NA,NA,NA,NA,NA,NA,NA
2,0.884075151522225,2,2,NA,NA,NA,NA,NA,NA,NA,NA,1,2,NA,NA,NA,NA,NA,NA,NA,NA
2,0.884075151522225,2,2,NA,NA,NA,NA,NA,NA,NA,NA,1,2,NA,NA,NA,NA,NA,NA,NA,NA
2,0.884075151522225,2,2,NA,NA,NA,NA,NA,NA,NA,NA,1,2,NA,NA,NA,NA,NA,NA,NA,NA
2,0.884075151522225,2,2,NA,NA,NA,NA,NA,NA,NA,NA,1,2,NA,NA,NA,NA,NA,NA,NA,NA
2,0.884075151522225,2,2,NA,NA,NA,NA,NA,NA,NA,NA,1,2,NA,NA,NA,NA,NA,NA,NA,NA
3,0.964295328358387,3,2,NA,NA,NA,NA,NA,NA,NA,NA,1,1,NA,NA,NA,NA,NA,NA,NA,NA
3,0.964295328358387,3,2,NA,NA,NA,NA,NA,NA,NA,NA,1,1,NA,NA,NA,NA,NA,NA,NA,NA
3,0.964295328358387,3,2,NA,NA,NA,NA,NA,NA,NA,NA,1,1,NA,NA,NA,NA,NA,NA,NA,NA
3,0.964295328358387,3,2,NA,NA,NA,NA,NA,NA,NA,NA,1,1,NA,NA,NA,NA,NA,NA,NA,NA
3,0.964295328358387,3,2,NA,NA,NA,NA,NA,NA,NA,NA,1,1,NA,NA,NA,NA,NA,NA,NA,NA
3,0.964295328358387,3,2,NA,NA,NA,NA,NA,NA,NA,NA,1,1,NA,NA,NA,NA,NA,NA,NA,NA
3,0.964295328358387,3,2,NA,NA,NA,NA,NA,NA,NA,NA,1,1,NA,NA,NA,NA,NA,NA,NA,NA
3,0.964295328358387,3,2,NA,NA,NA,NA,NA,NA,NA,NA,1,1,NA,NA,NA,NA,NA,NA,NA,NA
3,0.964295328358387,3,2,NA,NA,NA,NA,NA,NA,NA,NA,1,1,NA,NA,NA,NA,NA,NA,NA,NA
3,0.964295328358387,3,2,NA,NA,NA,NA,NA,NA,NA,NA,1,1,NA,NA,NA,NA,NA,NA,NA,NA
3,0.964295328358387,3,2,NA,NA,NA,NA,NA,NA,NA,NA,1,1,NA,NA,NA,NA,NA,NA,NA,NA
3,0.964295328358387,3,2,NA,NA,NA,NA,NA,NA,NA,NA,1,1,NA,NA,NA,NA,NA,NA,NA,NA
3,0.964295328358387,3,2,NA,NA,NA,NA,NA,NA,NA,NA,1,1,NA,NA,NA,NA,NA,NA,NA,NA
3,0.964295328358387,3,2,NA,NA,NA,NA,NA,NA,NA,NA,1,1,NA,NA,NA,NA,NA,NA,NA,NA
3,0.964295328358387,3,2,NA,NA,NA,NA,NA,NA,NA,NA,1,1,NA,NA,NA,NA,NA,NA,NA,NA
3,0.964295328358387,3,2,NA,NA,NA,NA,NA,NA,NA,NA,1,1,NA,NA,NA,NA,NA,NA,NA,NA
3,0.964295328358387,3,2,NA,NA,NA,NA,NA,NA,NA,NA,1,1,NA,NA,NA,NA,NA,NA,NA,NA
3,0.964295328358387,3,2,NA,NA,NA,NA,NA,NA,NA,NA,1,1,NA,NA,NA,NA,NA,NA,NA,NA
3,0.964295328358387,3,2,NA,NA,NA,NA,NA,NA,NA,NA,1,1,NA,NA,NA,NA,NA,NA,NA,NA
3,0.964295328358387,3,2,NA,NA,NA,NA,NA,NA,NA,NA,1,1,NA,NA,NA,NA,NA,NA,NA,NA
3,0.964295328358387,3,2,NA,NA,NA,NA,NA,NA,NA,NA,1,1,NA,NA,NA,NA,NA,NA,NA,NA
3,0.964295328358387,3,2,NA,NA,NA,NA,NA,NA,NA,NA,1,1,NA,NA,NA,NA,NA,NA,NA,NA
3,0.964295328358387,3,2,NA,NA,NA,NA,NA,NA,NA,NA,1,1,NA,NA,NA,NA,NA,NA,NA,NA
3,0.964295328358387,3,2,NA,NA,NA,NA,NA,NA,NA,NA,1,1,NA,NA,NA,NA,NA,NA,NA,NA
3,0.964295328358387,3,2,NA,NA,NA,NA,NA,NA,NA,NA,1,1,NA,NA,NA,NA,NA,NA,NA,NA
3,0.964295328358387,3,2,NA,NA,NA,NA,NA,NA,NA,NA,1,1,NA,NA,NA,NA,NA,NA,NA,NA
3,0.964295328358387,3,2,NA,NA,NA,NA,NA,NA,NA,NA,1,1,NA,NA,NA,NA,NA,NA,NA,NA
3,0.964295328358387,3,2,NA,NA,NA,NA,NA,NA,NA,NA,1,1,NA,NA,NA,NA,NA,NA,NA,NA
3,0.964295328358387,3,2,NA,NA,NA,NA,NA,NA,NA,NA,1,1,NA,NA,NA,NA,NA,NA,NA,NA
3,0.964295328358387,3,2,NA,NA,NA,NA,NA,NA,NA,NA,1,1,NA,NA,NA,NA,NA,NA,NA,NA
3,0.964295328358387,3,2,NA,NA,NA,NA,NA,NA,NA,NA,1,1,NA,NA,NA,NA,NA,NA,NA,NA
3,0.964295328358387,3,2,NA,NA,NA,NA,NA,NA,NA,NA,1,1,NA,NA,NA,NA,NA,NA,NA,NA
3,0.964295328358387,3,2,NA,NA,NA,NA,NA,NA,NA,NA,1,1,NA,NA,NA,NA,NA,NA,NA,NA
3,0.964295328358387,3,2,NA,NA,NA,NA,NA,NA,NA,NA,1,1,NA,NA,NA,NA,NA,NA,NA,NA
3,0.964295328358387,3,2,NA,NA,NA,NA,NA,NA,NA,NA,1,1,NA,NA,NA,NA,NA,NA,NA,NA
3,0.964295328358387,3,2,NA,NA,NA,NA,NA,NA,NA,NA,1,1,NA,NA,NA,NA,NA,NA,NA,NA
3,0.964295328358387,3,2,NA,NA,NA,NA,NA,NA,NA,NA,1,1,NA,NA,NA,NA,NA,NA,NA,NA
3,0.964295328358387,3,2,NA,NA,NA,NA,NA,NA,NA,NA,1,1,NA,NA,NA,NA,NA,NA,NA,NA
3,0.964295328358387,3,2,NA,NA,NA,NA,NA,NA,NA,NA,1,1,NA,NA,NA,NA,NA,NA,NA,NA
3,0.964295328358387,3,2,NA,NA,NA,NA,NA,NA,NA,NA,1,1,NA,NA,NA,NA,NA,NA,NA,NA
3,0.964295328358387,3,2,NA,NA,NA,NA,NA,NA,NA,NA,1,1,NA,NA,NA,NA,NA,NA,NA,NA
3,0.964295328358387,3,2,NA,NA,NA,NA,NA,NA,NA,NA,1,1,NA,NA,NA,NA,NA,NA,NA,NA
3,0.964295328358387,3,2,NA,NA,NA,NA,NA,NA,NA,NA,1,1,NA,NA,NA,NA,NA,NA,NA,NA
3,0.964295328358387,3,2,NA,NA,NA,NA,NA,NA,NA,NA,1,1,NA,NA,NA,NA,NA,NA,NA,NA
3,0.964295328358387,3,2,NA,NA,NA,NA,NA,NA,NA,NA,1,1,NA,NA,NA,NA,NA,NA,NA,NA
3,0.964295328358387,3,2,NA,NA,NA,NA,NA,NA,NA,NA,1,1,NA,NA,NA,NA,NA,NA,NA,NA
3,0.964295328358387,3,2,NA,NA,NA,NA,NA,NA,NA,NA,1,1,NA,NA,NA,NA,NA,NA,NA,NA
3,0.964295328358387,3,2,NA,NA,NA,NA,NA,NA,NA,NA,1,1,NA,NA,NA,NA,NA,NA,NA,NA
3,0.964295328358387,3,2,NA,NA,NA,NA,NA,NA,NA,NA,1,1,NA,NA,NA,NA,NA,NA,NA,NA
3,0.964295328358387,3,2,NA,NA,NA,NA,NA,NA,NA,NA,1,1,NA,NA,NA,NA,NA,NA,NA,NA
3,0.964295328358387,3,2,NA,NA,NA,NA,NA,NA,NA,NA,1,1,NA,NA,NA,NA,NA,NA,NA,NA
3,0.964295328358387,3,2,NA,NA,NA,NA,NA,NA,NA,NA,1,1,NA,NA,NA,NA,NA,NA,NA,NA
3,0.964295328358387,3,2,NA,NA,NA,NA,NA,NA,NA,NA,1,1,NA,NA,NA,NA,NA,NA,NA,NA
3,0.964295328358387,3,2,NA,NA,NA,NA,NA,NA,NA,NA,1,1,NA,NA,NA,NA,NA,NA,NA,NA
3,0.964295328358387,3,2,NA,NA,NA,NA,NA,NA,NA,NA,1,1,NA,NA,NA,NA,NA,NA,NA,NA
3,0.964295328358387,3,2,NA,NA,NA,NA,NA,NA,NA,NA,1,1,NA,NA,NA,NA,NA,NA,NA,NA
3,0.964295328358387,3,2,NA,NA,NA,NA,NA,NA,NA,NA,1,1,NA,NA,NA,NA,NA,NA,NA,NA
3,0.964295328358387,3,2,NA,NA,NA,NA,NA,NA,NA,NA,1,1,NA,NA,NA,NA,NA,NA,NA,NA
3,0.964295328358387,3,2,NA,NA,NA,NA,NA,NA,NA,NA,1,1,NA,NA,NA,NA,NA,NA,NA,NA
3,0.964295328358387,3,2,NA,NA,NA,NA,NA,NA,NA,NA,1,1,NA,NA,NA,NA,NA,NA,NA,NA
3,0.964295328358387,3,2,NA,NA,NA,NA,NA,NA,NA,NA,1,1,NA,NA,NA,NA,NA,NA,NA,NA
3,0.964295328358387,3,2,NA,NA,NA,NA,NA,NA,NA,NA,1,1,NA,NA,NA,NA,NA,NA,NA,NA
3,0.964295328358387,3,2,NA,NA,NA,NA,NA,NA,NA,NA,1,1,NA,NA,NA,NA,NA,NA,NA,NA
3,0.964295328358387,3,2,NA,NA,NA,NA,NA,NA,NA,NA,1,1,NA,NA,NA,NA,NA,NA,NA,NA
3,0.964295328358387,3,2,NA,NA,NA,NA,NA,NA,NA,NA,1,1,NA,NA,NA,NA,NA,NA,NA,NA
3,0.964295328358387,3,2,NA,NA,NA,NA,NA,NA,NA,NA,1,1,NA,NA,NA,NA,NA,NA,NA,NA
3,0.964295328358387,3,2,NA,NA,NA,NA,NA,NA,NA,NA,1,1,NA,NA,NA,NA,NA,NA,NA,NA
3,0.964295328358387,3,2,NA,NA,NA,NA,NA,NA,NA,NA,1,1,NA,NA,NA,NA,NA,NA,NA,NA
3,0.964295328358387,3,2,NA,NA,NA,NA,NA,NA,NA,NA,1,1,NA,NA,NA,NA,NA,NA,NA,NA
3,0.964295328358387,3,2,NA,NA,NA,NA,NA,NA,NA,NA,1,1,NA,NA,NA,NA,NA,NA,NA,NA
3,0.964295328358387,3,2,NA,NA,NA,NA,NA,NA,NA,NA,1,1,NA,NA,NA,NA,NA,NA,NA,NA
3,0.964295328358387,3,2,NA,NA,NA,NA,NA,NA,NA,NA,1,1,NA,NA,NA,NA,NA,NA,NA,NA
3,0.964295328358387,3,2,NA,NA,NA,NA,NA,NA,NA,NA,1,1,NA,NA,NA,NA,NA,NA,NA,NA
3,0.964295328358387,3,2,NA,NA,NA,NA,NA,NA,NA,NA,1,1,NA,NA,NA,NA,NA,NA,NA,NA
3,0.964295328358387,3,2,NA,NA,NA,NA,NA,NA,NA,NA,1,1,NA,NA,NA,NA,NA,NA,NA,NA
3,0.964295328358387,3,2,NA,NA,NA,NA,NA,NA,NA,NA,1,1,NA,NA,NA,NA,NA,NA,NA,NA
3,0.964295328358387,3,2,NA,NA,NA,NA,NA,NA,NA,NA,1,1,NA,NA,NA,NA,NA,NA,NA,NA
3,0.964295328358387,3,2,NA,NA,NA,NA,NA,NA,NA,NA,1,1,NA,NA,NA,NA,NA,NA,NA,NA
3,0.964295328358387,3,2,NA,NA,NA,NA,NA,NA,NA,NA,1,1,NA,NA,NA,NA,NA,NA,NA,NA
3,0.964295328358387,3,2,NA,NA,NA,NA,NA,NA,NA,NA,1,1,NA,NA,NA,NA,NA,NA,NA,NA
3,0.964295328358387,3,2,NA,NA,NA,NA,NA,NA,NA,NA,1,1,NA,NA,NA,NA,NA,NA,NA,NA
3,0.964295328358387,3,2,NA,NA,NA,NA,NA,NA,NA,NA,1,1,NA,NA,NA,NA,NA,NA,NA,NA
3,0.964295328358387,3,2,NA,NA,NA,NA,NA,NA,NA,NA,1,1,NA,NA,NA,NA,NA,NA,NA,NA
3,0.964295328358387,3,2,NA,NA,NA,NA,NA,NA,NA,NA,1,1,NA,NA,NA,NA,NA,NA,NA,NA
3,0.964295328358387,3,2,NA,NA,NA,NA,NA,NA,NA,NA,1,1,NA,NA,NA,NA,NA,NA,NA,NA
3,0.964295328358387,3,2,NA,NA,NA,NA,NA,NA,NA,NA,1,1,NA,NA,NA,NA,NA,NA,NA,NA
3,0.964295328358387,3,2,NA,NA,NA,NA,NA,NA,NA,NA,1,1,NA,NA,NA,NA,NA,NA,NA,NA
3,0.964295328358387,3,2,NA,NA,NA,NA,NA,NA,NA,NA,1,1,NA,NA,NA,NA,NA,NA,NA,NA
3,0.964295328358387,3,2,NA,NA,NA,NA,NA,NA,NA,NA,1,1,NA,NA,NA,NA,NA,NA,NA,NA
3,0.964295328358387,3,2,NA,NA,NA,NA,NA,NA,NA,NA,1,1,NA,NA,NA,NA,NA,NA,NA,NA
3,0.964295328358387,3,2,NA,NA,NA,NA,NA,NA,NA,NA,1,1,NA,NA,NA,NA,NA,NA,NA,NA
3,0.964295328358387,3,2,NA,NA,NA,NA,NA,NA,NA,NA,1,1,NA,NA,NA,NA,NA,NA,NA,NA
3,0.964295328358387,3,2,NA,NA,NA,NA,NA,NA,NA,NA,1,1,NA,NA,NA,NA,NA,NA,NA,NA
3,0.964295328358387,3,2,NA,NA,NA,NA,NA,NA,NA,NA,1,1,NA,NA,NA,NA,NA,NA,NA,NA
3,0.964295328358387,3,2,NA,NA,NA,NA,NA,NA,NA,NA,1,1,NA,NA,NA,NA,NA,NA,NA,NA
3,0.964295328358387,3,2,NA,NA,NA,NA,NA,NA,NA,NA,1,1,NA,NA,NA,NA,NA,NA,NA,NA
3,0.964295328358387,3,2,NA,NA,NA,NA,NA,NA,NA,NA,1,1,NA,NA,NA,NA,NA,NA,NA,NA
3,0.964295328358387,3,2,NA,NA,NA,NA,NA,NA,NA,NA,1,1,NA,NA,NA,NA,NA,NA,NA,NA
3,0.964295328358387,3,2,NA,NA,NA,NA,NA,NA,NA,NA,1,1,NA,NA,NA,NA,NA,NA,NA,NA
3,0.964295328358387,3,2,NA,NA,NA,NA,NA,NA,NA,NA,1,1,NA,NA,NA,NA,NA,NA,NA,NA
4,0.887332335971256,4,4,NA,NA,NA,NA,NA,NA,NA,NA,1,2,NA,NA,NA,NA,NA,NA,NA,NA
4,0.887332335971256,4,4,NA,NA,NA,NA,NA,NA,NA,NA,1,2,NA,NA,NA,NA,NA,NA,NA,NA
4,0.887332335971256,4,4,NA,NA,NA,NA,NA,NA,NA,NA,1,2,NA,NA,NA,NA,NA,NA,NA,NA
4,0.887332335971256,4,4,NA,NA,NA,NA,NA,NA,NA,NA,1,2,NA,NA,NA,NA,NA,NA,NA,NA
4,0.887332335971256,4,4,NA,NA,NA,NA,NA,NA,NA,NA,1,2,NA,NA,NA,NA,NA,NA,NA,NA
4,0.887332335971256,4,4,NA,NA,NA,NA,NA,NA,NA,NA,1,2,NA,NA,NA,NA,NA,NA,NA,NA
4,0.887332335971256,4,4,NA,NA,NA,NA,NA,NA,NA,NA,1,2,NA,NA,NA,NA,NA,NA,NA,NA
4,0.887332335971256,4,4,NA,NA,NA,NA,NA,NA,NA,NA,1,2,NA,NA,NA,NA,NA,NA,NA,NA
4,0.887332335971256,4,4,NA,NA,NA,NA,NA,NA,NA,NA,1,2,NA,NA,NA,NA,NA,NA,NA,NA
4,0.887332335971256,4,4,NA,NA,NA,NA,NA,NA,NA,NA,1,2,NA,NA,NA,NA,NA,NA,NA,NA
4,0.887332335971256,4,4,NA,NA,NA,NA,NA,NA,NA,NA,1,2,NA,NA,NA,NA,NA,NA,NA,NA
4,0.887332335971256,4,4,NA,NA,NA,NA,NA,NA,NA,NA,1,2,NA,NA,NA,NA,NA,NA,NA,NA
4,0.887332335971256,4,4,NA,NA,NA,NA,NA,NA,NA,NA,1,2,NA,NA,NA,NA,NA,NA,NA,NA
4,0.887332335971256,4,4,NA,NA,NA,NA,NA,NA,NA,NA,1,2,NA,NA,NA,NA,NA,NA,NA,NA
4,0.887332335971256,4,4,NA,NA,NA,NA,NA,NA,NA,NA,1,2,NA,NA,NA,NA,NA,NA,NA,NA
4,0.887332335971256,4,4,NA,NA,NA,NA,NA,NA,NA,NA,1,2,NA,NA,NA,NA,NA,NA,NA,NA
4,0.887332335971256,4,4,NA,NA,NA,NA,NA,NA,NA,NA,1,2,NA,NA,NA,NA,NA,NA,NA,NA
4,0.887332335971256,4,4,NA,NA,NA,NA,NA,NA,NA,NA,1,2,NA,NA,NA,NA,NA,NA,NA,NA
4,0.887332335971256,4,4,NA,NA,NA,NA,NA,NA,NA,NA,1,2,NA,NA,NA,NA,NA,NA,NA,NA
4,0.887332335971256,4,4,NA,NA,NA,NA,NA,NA,NA,NA,1,2,NA,NA,NA,NA,NA,NA,NA,NA
4,0.887332335971256,4,4,NA,NA,NA,NA,NA,NA,NA,NA,1,2,NA,NA,NA,NA,NA,NA,NA,NA
4,0.887332335971256,4,4,NA,NA,NA,NA,NA,NA,NA,NA,1,2,NA,NA,NA,NA,NA,NA,NA,NA
4,0.887332335971256,4,4,NA,NA,NA,NA,NA,NA,NA,NA,1,2,NA,NA,NA,NA,NA,NA,NA,NA
4,0.887332335971256,4,4,NA,NA,NA,NA,NA,NA,NA,NA,1,2,NA,NA,NA,NA,NA,NA,NA,NA
4,0.887332335971256,4,4,NA,NA,NA,NA,NA,NA,NA,NA,1,2,NA,NA,NA,NA,NA,NA,NA,NA
4,0.887332335971256,4,4,NA,NA,NA,NA,NA,NA,NA,NA,1,2,NA,NA,NA,NA,NA,NA,NA,NA
4,0.887332335971256,4,4,NA,NA,NA,NA,NA,NA,NA,NA,1,2,NA,NA,NA,NA,NA,NA,NA,NA
4,0.887332335971256,4,4,NA,NA,NA,NA,NA,NA,NA,NA,1,2,NA,NA,NA,NA,NA,NA,NA,NA
4,0.887332335971256,4,4,NA,NA,NA,NA,NA,NA,NA,NA,1,2,NA,NA,NA,NA,NA,NA,NA,NA
4,0.887332335971256,4,4,NA,NA,NA,NA,NA,NA,NA,NA,1,2,NA,NA,NA,NA,NA,NA,NA,NA
4,0.887332335971256,4,4,NA,NA,NA,NA,NA,NA,NA,NA,1,2,NA,NA,NA,NA,NA,NA,NA,NA
4,0.887332335971256,4,4,NA,NA,NA,NA,NA,NA,NA,NA,1,2,NA,NA,NA,NA,NA,NA,NA,NA
4,0.887332335971256,4,4,NA,NA,NA,NA,NA,NA,NA,NA,1,2,NA,NA,NA,NA,NA,NA,NA,NA
4,0.887332335971256,4,4,NA,NA,NA,NA,NA,NA,NA,NA,1,2,NA,NA,NA,NA,NA,NA,NA,NA
4,0.887332335971256,4,4,NA,NA,NA,NA,NA,NA,NA,NA,1,2,NA,NA,NA,NA,NA,NA,NA,NA
4,0.887332335971256,4,4,NA,NA,NA,NA,NA,NA,NA,NA,1,2,NA,NA,NA,NA,NA,NA,NA,NA
4,0.887332335971256,4,4,NA,NA,NA,NA,NA,NA,NA,NA,1,2,NA,NA,NA,NA,NA,NA,NA,NA
4,0.887332335971256,4,4,NA,NA,NA,NA,NA,NA,NA,NA,1,2,NA,NA,NA,NA,NA,NA,NA,NA
4,0.887332335971256,4,4,NA,NA,NA,NA,NA,NA,NA,NA,1,2,NA,NA,NA,NA,NA,NA,NA,NA
4,0.887332335971256,4,4,NA,NA,NA,NA,NA,NA,NA,NA,1,2,NA,NA,NA,NA,NA,NA,NA,NA
4,0.887332335971256,4,4,NA,NA,NA,NA,NA,NA,NA,NA,1,2,NA,NA,NA,NA,NA,NA,NA,NA
4,0.887332335971256,4,4,NA,NA,NA,NA,NA,NA,NA,NA,1,2,NA,NA,NA,NA,NA,NA,NA,NA
4,0.887332335971256,4,4,NA,NA,NA,NA,NA,NA,NA,NA,1,2,NA,NA,NA,NA,NA,NA,NA,NA
4,0.887332335971256,4,4,NA,NA,NA,NA,NA,NA,NA,NA,1,2,NA,NA,NA,NA,NA,NA,NA,NA
4,0.887332335971256,4,4,NA,NA,NA,NA,NA,NA,NA,NA,1,2,NA,NA,NA,NA,NA,NA,NA,NA
4,0.887332335971256,4,4,NA,NA,NA,NA,NA,NA,NA,NA,1,2,NA,NA,NA,NA,NA,NA,NA,NA
4,0.887332335971256,4,4,NA,NA,NA,NA,NA,NA,NA,NA,1,2,NA,NA,NA,NA,NA,NA,NA,NA
4,0.887332335971256,4,4,NA,NA,NA,NA,NA,NA,NA,NA,1,2,NA,NA,NA,NA,NA,NA,NA,NA
4,0.887332335971256,4,4,NA,NA,NA,NA,NA,NA,NA,NA,1,2,NA,NA,NA,NA,NA,NA,NA,NA
4,0.887332335971256,4,4,NA,NA,NA,NA,NA,NA,NA,NA,1,2,NA,NA,NA,NA,NA,NA,NA,NA
4,0.887332335971256,4,4,NA,NA,NA,NA,NA,NA,NA,NA,1,2,NA,NA,NA,NA,NA,NA,NA,NA
4,0.887332335971256,4,4,NA,NA,NA,NA,NA,NA,NA,NA,1,2,NA,NA,NA,NA,NA,NA,NA,NA
4,0.887332335971256,4,4,NA,NA,NA,NA,NA,NA,NA,NA,1,2,NA,NA,NA,NA,NA,NA,NA,NA
4,0.887332335971256,4,4,NA,NA,NA,NA,NA,NA,NA,NA,1,2,NA,NA,NA,NA,NA,NA,NA,NA
4,0.887332335971256,4,4,NA,NA,NA,NA,NA,NA,NA,NA,1,2,NA,NA,NA,NA,NA,NA,NA,NA
4,0.887332335971256,4,4,NA,NA,NA,NA,NA,NA,NA,NA,1,2,NA,NA,NA,NA,NA,NA,NA,NA
4,0.887332335971256,4,4,NA,NA,NA,NA,NA,NA,NA,NA,1,2,NA,NA,NA,NA,NA,NA,NA,NA
4,0.887332335971256,4,4,NA,NA,NA,NA,NA,NA,NA,NA,1,2,NA,NA,NA,NA,NA,NA,NA,NA
4,0.887332335971256,4,4,NA,NA,NA,NA,NA,NA,NA,NA,1,2,NA,NA,NA,NA,NA,NA,NA,NA
4,0.887332335971256,4,4,NA,NA,NA,NA,NA,NA,NA,NA,1,2,NA,NA,NA,NA,NA,NA,NA,NA
4,0.887332335971256,4,4,NA,NA,NA,NA,NA,NA,NA,NA,1,2,NA,NA,NA,NA,NA,NA,NA,NA
4,0.887332335971256,4,4,NA,NA,NA,NA,NA,NA,NA,NA,1,2,NA,NA,NA,NA,NA,NA,NA,NA
4,0.887332335971256,4,4,NA,NA,NA,NA,NA,NA,NA,NA,1,2,NA,NA,NA,NA,NA,NA,NA,NA
4,0.887332335971256,4,4,NA,NA,NA,NA,NA,NA,NA,NA,1,2,NA,NA,NA,NA,NA,NA,NA,NA
4,0.887332335971256,4,4,NA,NA,NA,NA,NA,NA,NA,NA,1,2,NA,NA,NA,NA,NA,NA,NA,NA
4,0.887332335971256,4,4,NA,NA,NA,NA,NA,NA,NA,NA,1,2,NA,NA,NA,NA,NA,NA,NA,NA
4,0.887332335971256,4,4,NA,NA,NA,NA,NA,NA,NA,NA,1,2,NA,NA,NA,NA,NA,NA,NA,NA
4,0.887332335971256,4,4,NA,NA,NA,NA,NA,NA,NA,NA,1,2,NA,NA,NA,NA,NA,NA,NA,NA
4,0.887332335971256,4,4,NA,NA,NA,NA,NA,NA,NA,NA,1,2,NA,NA,NA,NA,NA,NA,NA,NA
4,0.887332335971256,4,4,NA,NA,NA,NA,NA,NA,NA,NA,1,2,NA,NA,NA,NA,NA,NA,NA,NA
4,0.887332335971256,4,4,NA,NA,NA,NA,NA,NA,NA,NA,1,2,NA,NA,NA,NA,NA,NA,NA,NA
4,0.887332335971256,4,4,NA,NA,NA,NA,NA,NA,NA,NA,1,2,NA,NA,NA,NA,NA,NA,NA,NA
4,0.887332335971256,4,4,NA,NA,NA,NA,NA,NA,NA,NA,1,2,NA,NA,NA,NA,NA,NA,NA,NA
4,0.887332335971256,4,4,NA,NA,NA,NA,NA,NA,NA,NA,1,2,NA,NA,NA,NA,NA,NA,NA,NA
4,0.887332335971256,4,4,NA,NA,NA,NA,NA,NA,NA,NA,1,2,NA,NA,NA,NA,NA,NA,NA,NA
4,0.887332335971256,4,4,NA,NA,NA,NA,NA,NA,NA,NA,1,2,NA,NA,NA,NA,NA,NA,NA,NA
4,0.887332335971256,4,4,NA,NA,NA,NA,NA,NA,NA,NA,1,2,NA,NA,NA,NA,NA,NA,NA,NA
4,0.887332335971256,4,4,NA,NA,NA,NA,NA,NA,NA,NA,1,2,NA,NA,NA,NA,NA,NA,NA,NA
4,0.887332335971256,4,4,NA,NA,NA,NA,NA,NA,NA,NA,1,2,NA,NA,NA,NA,NA,NA,NA,NA
4,0.887332335971256,4,4,NA,NA,NA,NA,NA,NA,NA,NA,1,2,NA,NA,NA,NA,NA,NA,NA,NA
4,0.887332335971256,4,4,NA,NA,NA,NA,NA,NA,NA,NA,1,2,NA,NA,NA,NA,NA,NA,NA,NA
4,0.887332335971256,4,4,NA,NA,NA,NA,NA,NA,NA,NA,1,2,NA,NA,NA,NA,NA,NA,NA,NA
4,0.887332335971256,4,4,NA,NA,NA,NA,NA,NA,NA,NA,1,2,NA,NA,NA,NA,NA,NA,NA,NA
4,0.887332335971256,4,4,NA,NA,NA,NA,NA,NA,NA,NA,1,2,NA,NA,NA,NA,NA,NA,NA,NA
4,0.887332335971256,4,4,NA,NA,NA,NA,NA,NA,NA,NA,1,2,NA,NA,NA,NA,NA,NA,NA,NA
4,0.887332335971256,4,4,NA,NA,NA,NA,NA,NA,NA,NA,1,2,NA,NA,NA,NA,NA,NA,NA,NA
4,0.887332335971256,4,4,NA,NA,NA,NA,NA,NA,NA,NA,1,2,NA,NA,NA,NA,NA,NA,NA,NA
4,0.887332335971256,4,4,NA,NA,NA,NA,NA,NA,NA,NA,1,2,NA,NA,NA,NA,NA,NA,NA,NA
4,0.887332335971256,4,4,NA,NA,NA,NA,NA,NA,NA,NA,1,2,NA,NA,NA,NA,NA,NA,NA,NA
4,0.887332335971256,4,4,NA,NA,NA,NA,NA,NA,NA,NA,1,2,NA,NA,NA,NA,NA,NA,NA,NA
4,0.887332335971256,4,4,NA,NA,NA,NA,NA,NA,NA,NA,1,2,NA,NA,NA,NA,NA,NA,NA,NA
4,0.887332335971256,4,4,NA,NA,NA,NA,NA,NA,NA,NA,1,2,NA,NA,NA,NA,NA,NA,NA,NA
4,0.887332335971256,4,4,NA,NA,NA,NA,NA,NA,NA,NA,1,2,NA,NA,NA,NA,NA,NA,NA,NA
4,0.887332335971256,4,4,NA,NA,NA,NA,NA,NA,NA,NA,1,2,NA,NA,NA,NA,NA,NA,NA,NA
4,0.887332335971256,4,4,NA,NA,NA,NA,NA,NA,NA,NA,1,2,NA,NA,NA,NA,NA,NA,NA,NA
4,0.887332335971256,4,4,NA,NA,NA,NA,NA,NA,NA,NA,1,2,NA,NA,NA,NA,NA,NA,NA,NA
4,0.887332335971256,4,4,NA,NA,NA,NA,NA,NA,NA,NA,1,2,NA,NA,NA,NA,NA,NA,NA,NA
4,0.887332335971256,4,4,NA,NA,NA,NA,NA,NA,NA,NA,1,2,NA,NA,NA,NA,NA,NA,NA,NA
4,0.887332335971256,4,4,NA,NA,NA,NA,NA,NA,NA,NA,1,2,NA,NA,NA,NA,NA,NA,NA,NA
4,0.887332335971256,4,4,NA,NA,NA,NA,NA,NA,NA,NA,1,2,NA,NA,NA,NA,NA,NA,NA,NA
5,0.997198962227567,5,5,6,NA,NA,NA,NA,NA,NA,NA,1,1,2,NA,NA,NA,NA,NA,NA,NA
5,0.997198962227567,5,6,5,NA,NA,NA,NA,NA,NA,NA,1,2,1,NA,NA,NA,NA,NA,NA,NA
5,0.997198962227567,5,6,5,NA,NA,NA,NA,NA,NA,NA,1,2,1,NA,NA,NA,NA,NA,NA,NA
5,0.997198962227567,5,6,5,NA,NA,NA,NA,NA,NA,NA,1,2,1,NA,NA,NA,NA,NA,NA,NA
5,0.997198962227567,5,5,6,NA,NA,NA,NA,NA,NA,NA,1,1,2,NA,NA,NA,NA,NA,NA,NA
5,0.997198962227567,5,5,6,NA,NA,NA,NA,NA,NA,NA,1,1,2,NA,NA,NA,NA,NA,NA,NA
5,0.997198962227567,5,6,5,NA,NA,NA,NA,NA,NA,NA,1,2,1,NA,NA,NA,NA,NA,NA,NA
5,0.997198962227567,5,6,5,NA,NA,NA,NA,NA,NA,NA,1,2,1,NA,NA,NA,NA,NA,NA,NA
5,0.997198962227567,5,5,6,NA,NA,NA,NA,NA,NA,NA,1,1,2,NA,NA,NA,NA,NA,NA,NA
5,0.997198962227567,5,6,5,NA,NA,NA,NA,NA,NA,NA,1,2,1,NA,NA,NA,NA,NA,NA,NA
5,0.997198962227567,5,5,6,NA,NA,NA,NA,NA,NA,NA,1,1,2,NA,NA,NA,NA,NA,NA,NA
5,0.997198962227567,5,5,6,NA,NA,NA,NA,NA,NA,NA,1,1,2,NA,NA,NA,NA,NA,NA,NA
5,0.997198962227567,5,6,5,NA,NA,NA,NA,NA,NA,NA,1,2,1,NA,NA,NA,NA,NA,NA,NA
5,0.997198962227567,5,5,6,NA,NA,NA,NA,NA,NA,NA,1,1,2,NA,NA,NA,NA,NA,NA,NA
5,0.997198962227567,5,6,5,NA,NA,NA,NA,NA,NA,NA,1,2,1,NA,NA,NA,NA,NA,NA,NA
5,0.997198962227567,5,5,6,NA,NA,NA,NA,NA,NA,NA,1,1,2,NA,NA,NA,NA,NA,NA,NA
5,0.997198962227567,5,5,6,NA,NA,NA,NA,NA,NA,NA,1,1,2,NA,NA,NA,NA,NA,NA,NA
5,0.997198962227567,5,6,5,NA,NA,NA,NA,NA,NA,NA,1,2,1,NA,NA,NA,NA,NA,NA,NA
5,0.997198962227567,5,6,5,NA,NA,NA,NA,NA,NA,NA,1,2,1,NA,NA,NA,NA,NA,NA,NA
5,0.997198962227567,5,6,5,NA,NA,NA,NA,NA,NA,NA,1,2,1,NA,NA,NA,NA,NA,NA,NA
5,0.997198962227567,5,6,5,NA,NA,NA,NA,NA,NA,NA,1,2,1,NA,NA,NA,NA,NA,NA,NA
5,0.997198962227567,5,6,5,NA,NA,NA,NA,NA,NA,NA,1,2,1,NA,NA,NA,NA,NA,NA,NA
5,0.997198962227567,5,6,5,NA,NA,NA,NA,NA,NA,NA,1,2,1,NA,NA,NA,NA,NA,NA,NA
5,0.997198962227567,5,5,6,NA,NA,NA,NA,NA,NA,NA,1,1,2,NA,NA,NA,NA,NA,NA,NA
5,0.997198962227567,5,6,5,NA,NA,NA,NA,NA,NA,NA,1,2,1,NA,NA,NA,NA,NA,NA,NA
5,0.997198962227567,5,6,5,NA,NA,NA,NA,NA,NA,NA,1,2,1,NA,NA,NA,NA,NA,NA,NA
5,0.997198962227567,5,5,6,NA,NA,NA,NA,NA,NA,NA,1,1,2,NA,NA,NA,NA,NA,NA,NA
5,0.997198962227567,5,6,5,NA,NA,NA,NA,NA,NA,NA,1,2,1,NA,NA,NA,NA,NA,NA,NA
5,0.997198962227567,5,6,5,NA,NA,NA,NA,NA,NA,NA,1,2,1,NA,NA,NA,NA,NA,NA,NA
5,0.997198962227567,5,6,5,NA,NA,NA,NA,NA,NA,NA,1,2,1,NA,NA,NA,NA,NA,NA,NA
5,0.997198962227567,5,5,6,NA,NA,NA,NA,NA,NA,NA,1,1,2,NA,NA,NA,NA,NA,NA,NA
5,0.997198962227567,5,6,5,NA,NA,NA,NA,NA,NA,NA,1,2,1,NA,NA,NA,NA,NA,NA,NA
5,0.997198962227567,5,5,6,NA,NA,NA,NA,NA,NA,NA,1,1,2,NA,NA,NA,NA,NA,NA,NA
5,0.997198962227567,5,6,5,NA,NA,NA,NA,NA,NA,NA,1,2,1,NA,NA,NA,NA,NA,NA,NA
5,0.997198962227567,5,5,6,NA,NA,NA,NA,NA,NA,NA,1,1,2,NA,NA,NA,NA,NA,NA,NA
5,0.997198962227567,5,5,6,NA,NA,NA,NA,NA,NA,NA,1,1,2,NA,NA,NA,NA,NA,NA,NA
5,0.997198962227567,5,6,5,NA,NA,NA,NA,NA,NA,NA,1,2,1,NA,NA,NA,NA,NA,NA,NA
5,0.997198962227567,5,5,6,NA,NA,NA,NA,NA,NA,NA,1,1,2,NA,NA,NA,NA,NA,NA,NA
5,0.997198962227567,5,5,6,NA,NA,NA,NA,NA,NA,NA,1,1,2,NA,NA,NA,NA,NA,NA,NA
5,0.997198962227567,5,5,6,NA,NA,NA,NA,NA,NA,NA,1,1,2,NA,NA,NA,NA,NA,NA,NA
5,0.997198962227567,5,6,5,NA,NA,NA,NA,NA,NA,NA,1,2,1,NA,NA,NA,NA,NA,NA,NA
5,0.997198962227567,5,6,5,NA,NA,NA,NA,NA,NA,NA,1,2,1,NA,NA,NA,NA,NA,NA,NA
5,0.997198962227567,5,6,5,NA,NA,NA,NA,NA,NA,NA,1,2,1,NA,NA,NA,NA,NA,NA,NA
5,0.997198962227567,5,6,5,NA,NA,NA,NA,NA,NA,NA,1,2,1,NA,NA,NA,NA,NA,NA,NA
5,0.997198962227567,5,6,5,NA,NA,NA,NA,NA,NA,NA,1,2,1,NA,NA,NA,NA,NA,NA,NA
5,0.997198962227567,5,5,6,NA,NA,NA,NA,NA,NA,NA,1,1,2,NA,NA,NA,NA,NA,NA,NA
5,0.997198962227567,5,6,5,NA,NA,NA,NA,NA,NA,NA,1,2,1,NA,NA,NA,NA,NA,NA,NA
5,0.997198962227567,5,6,5,NA,NA,NA,NA,NA,NA,NA,1,2,1,NA,NA,NA,NA,NA,NA,NA
5,0.997198962227567,5,6,5,NA,NA,NA,NA,NA,NA,NA,1,2,1,NA,NA,NA,NA,NA,NA,NA
5,0.997198962227567,5,6,5,NA,NA,NA,NA,NA,NA,NA,1,2,1,NA,NA,NA,NA,NA,NA,NA
5,0.997198962227567,5,5,6,NA,NA,NA,NA,NA,NA,NA,1,1,2,NA,NA,NA,NA,NA,NA,NA
5,0.997198962227567,5,5,6,NA,NA,NA,NA,NA,NA,NA,1,1,2,NA,NA,NA,NA,NA,NA,NA
5,0.997198962227567,5,6,5,NA,NA,NA,NA,NA,NA,NA,1,2,1,NA,NA,NA,NA,NA,NA,NA
5,0.997198962227567,5,5,6,NA,NA,NA,NA,NA,NA,NA,1,1,2,NA,NA,NA,NA,NA,NA,NA
5,0.997198962227567,5,6,5,NA,NA,NA,NA,NA,NA,NA,1,2,1,NA,NA,NA,NA,NA,NA,NA
5,0.997198962227567,5,6,5,NA,NA,NA,NA,NA,NA,NA,1,2,1,NA,NA,NA,NA,NA,NA,NA
5,0.997198962227567,5,5,6,NA,NA,NA,NA,NA,NA,NA,1,1,2,NA,NA,NA,NA,NA,NA,NA
5,0.997198962227567,5,6,5,NA,NA,NA,NA,NA,NA,NA,1,2,1,NA,NA,NA,NA,NA,NA,NA
5,0.997198962227567,5,5,6,NA,NA,NA,NA,NA,NA,NA,1,1,2,NA,NA,NA,NA,NA,NA,NA
5,0.997198962227567,5,5,6,NA,NA,NA,NA,NA,NA,NA,1,1,2,NA,NA,NA,NA,NA,NA,NA
5,0.997198962227567,5,6,5,NA,NA,NA,NA,NA,NA,NA,1,2,1,NA,NA,NA,NA,NA,NA,NA
5,0.997198962227567,5,5,6,NA,NA,NA,NA,NA,NA,NA,1,1,2,NA,NA,NA,NA,NA,NA,NA
5,0.997198962227567,5,6,5,NA,NA,NA,NA,NA,NA,NA,1,2,1,NA,NA,NA,NA,NA,NA,NA
5,0.997198962227567,5,6,5,NA,NA,NA,NA,NA,NA,NA,1,2,1,NA,NA,NA,NA,NA,NA,NA
5,0.997198962227567,5,5,6,NA,NA,NA,NA,NA,NA,NA,1,1,2,NA,NA,NA,NA,NA,NA,NA
5,0.997198962227567,5,6,5,NA,NA,NA,NA,NA,NA,NA,1,2,1,NA,NA,NA,NA,NA,NA,NA
5,0.997198962227567,5,6,5,NA,NA,NA,NA,NA,NA,NA,1,2,1,NA,NA,NA,NA,NA,NA,NA
5,0.997198962227567,5,6,5,NA,NA,NA,NA,NA,NA,NA,1,2,1,NA,NA,NA,NA,NA,NA,NA
5,0.997198962227567,5,5,6,NA,NA,NA,NA,NA,NA,NA,1,1,2,NA,NA,NA,NA,NA,NA,NA
5,0.997198962227567,5,5,6,NA,NA,NA,NA,NA,NA,NA,1,1,2,NA,NA,NA,NA,NA,NA,NA
5,0.997198962227567,5,6,5,NA,NA,NA,NA,NA,NA,NA,1,2,1,NA,NA,NA,NA,NA,NA,NA
5,0.997198962227567,5,5,6,NA,NA,NA,NA,NA,NA,NA,1,1,2,NA,NA,NA,NA,NA,NA,NA
5,0.997198962227567,5,6,5,NA,NA,NA,NA,NA,NA,NA,1,2,1,NA,NA,NA,NA,NA,NA,NA
5,0.997198962227567,5,5,6,NA,NA,NA,NA,NA,NA,NA,1,1,2,NA,NA,NA,NA,NA,NA,NA
5,0.997198962227567,5,6,5,NA,NA,NA,NA,NA,NA,NA,1,2,1,NA,NA,NA,NA,NA,NA,NA
5,0.997198962227567,5,6,5,NA,NA,NA,NA,NA,NA,NA,1,2,1,NA,NA,NA,NA,NA,NA,NA
5,0.997198962227567,5,5,6,NA,NA,NA,NA,NA,NA,NA,1,1,2,NA,NA,NA,NA,NA,NA,NA
5,0.997198962227567,5,6,5,NA,NA,NA,NA,NA,NA,NA,1,2,1,NA,NA,NA,NA,NA,NA,NA
5,0.997198962227567,5,5,6,NA,NA,NA,NA,NA,NA,NA,1,1,2,NA,NA,NA,NA,NA,NA,NA
5,0.997198962227567,5,6,5,NA,NA,NA,NA,NA,NA,NA,1,2,1,NA,NA,NA,NA,NA,NA,NA
5,0.997198962227567,5,6,5,NA,NA,NA,NA,NA,NA,NA,1,2,1,NA,NA,NA,NA,NA,NA,NA
5,0.997198962227567,5,5,6,NA,NA,NA,NA,NA,NA,NA,1,1,2,NA,NA,NA,NA,NA,NA,NA
5,0.997198962227567,5,5,6,NA,NA,NA,NA,NA,NA,NA,1,1,2,NA,NA,NA,NA,NA,NA,NA
5,0.997198962227567,5,6,5,NA,NA,NA,NA,NA,NA,NA,1,2,1,NA,NA,NA,NA,NA,NA,NA
5,0.997198962227567,5,6,5,NA,NA,NA,NA,NA,NA,NA,1,2,1,NA,NA,NA,NA,NA,NA,NA
5,0.997198962227567,5,6,5,NA,NA,NA,NA,NA,NA,NA,1,2,1,NA,NA,NA,NA,NA,NA,NA
5,0.997198962227567,5,6,5,NA,NA,NA,NA,NA,NA,NA,1,2,1,NA,NA,NA,NA,NA,NA,NA
5,0.997198962227567,5,5,6,NA,NA,NA,NA,NA,NA,NA,1,1,2,NA,NA,NA,NA,NA,NA,NA
5,0.997198962227567,5,6,5,NA,NA,NA,NA,NA,NA,NA,1,2,1,NA,NA,NA,NA,NA,NA,NA
5,0.997198962227567,5,5,6,NA,NA,NA,NA,NA,NA,NA,1,1,2,NA,NA,NA,NA,NA,NA,NA
5,0.997198962227567,5,5,6,NA,NA,NA,NA,NA,NA,NA,1,1,2,NA,NA,NA,NA,NA,NA,NA
5,0.997198962227567,5,5,6,NA,NA,NA,NA,NA,NA,NA,1,1,2,NA,NA,NA,NA,NA,NA,NA
5,0.997198962227567,5,5,6,NA,NA,NA,NA,NA,NA,NA,1,1,2,NA,NA,NA,NA,NA,NA,NA
5,0.997198962227567,5,5,6,NA,NA,NA,NA,NA,NA,NA,1,1,2,NA,NA,NA,NA,NA,NA,NA
5,0.997198962227567,5,5,6,NA,NA,NA,NA,NA,NA,NA,1,1,2,NA,NA,NA,NA,NA,NA,NA
5,0.997198962227567,5,6,5,NA,NA,NA,NA,NA,NA,NA,1,2,1,NA,NA,NA,NA,NA,NA,NA
5,0.997198962227567,5,6,5,NA,NA,NA,NA,NA,NA,NA,1,2,1,NA,NA,NA,NA,NA,NA,NA
5,0.997198962227567,5,5,6,NA,NA,NA,NA,NA,NA,NA,1,1,2,NA,NA,NA,NA,NA,NA,NA
5,0.997198962227567,5,6,5,NA,NA,NA,NA,NA,NA,NA,1,2,1,NA,NA,NA,NA,NA,NA,NA
5,0.997198962227567,5,5,6,NA,NA,NA,NA,NA,NA,NA,1,1,2,NA,NA,NA,NA,NA,NA,NA
6,0.987199541339626,6,6,NA,NA,NA,NA,NA,NA,NA,NA,1,2,NA,NA,NA,NA,NA,NA,NA,NA
6,0.987199541339626,6,6,NA,NA,NA,NA,NA,NA,NA,NA,1,2,NA,NA,NA,NA,NA,NA,NA,NA
6,0.987199541339626,6,6,NA,NA,NA,NA,NA,NA,NA,NA,1,2,NA,NA,NA,NA,NA,NA,NA,NA
6,0.987199541339626,6,6,NA,NA,NA,NA,NA,NA,NA,NA,1,2,NA,NA,NA,NA,NA,NA,NA,NA
6,0.987199541339626,6,6,NA,NA,NA,NA,NA,NA,NA,NA,1,2,NA,NA,NA,NA,NA,NA,NA,NA
6,0.987199541339626,6,6,NA,NA,NA,NA,NA,NA,NA,NA,1,2,NA,NA,NA,NA,NA,NA,NA,NA
6,0.987199541339626,6,6,NA,NA,NA,NA,NA,NA,NA,NA,1,2,NA,NA,NA,NA,NA,NA,NA,NA
6,0.987199541339626,6,6,NA,NA,NA,NA,NA,NA,NA,NA,1,2,NA,NA,NA,NA,NA,NA,NA,NA
6,0.987199541339626,6,6,NA,NA,NA,NA,NA,NA,NA,NA,1,2,NA,NA,NA,NA,NA,NA,NA,NA
6,0.987199541339626,6,6,NA,NA,NA,NA,NA,NA,NA,NA,1,2,NA,NA,NA,NA,NA,NA,NA,NA
6,0.987199541339626,6,6,NA,NA,NA,NA,NA,NA,NA,NA,1,2,NA,NA,NA,NA,NA,NA,NA,NA
6,0.987199541339626,6,6,NA,NA,NA,NA,NA,NA,NA,NA,1,2,NA,NA,NA,NA,NA,NA,NA,NA
6,0.987199541339626,6,6,NA,NA,NA,NA,NA,NA,NA,NA,1,2,NA,NA,NA,NA,NA,NA,NA,NA
6,0.987199541339626,6,6,NA,NA,NA,NA,NA,NA,NA,NA,1,2,NA,NA,NA,NA,NA,NA,NA,NA
6,0.987199541339626,6,6,NA,NA,NA,NA,NA,NA,NA,NA,1,2,NA,NA,NA,NA,NA,NA,NA,NA
6,0.987199541339626,6,6,NA,NA,NA,NA,NA,NA,NA,NA,1,2,NA,NA,NA,NA,NA,NA,NA,NA
6,0.987199541339626,6,6,NA,NA,NA,NA,NA,NA,NA,NA,1,2,NA,NA,NA,NA,NA,NA,NA,NA
6,0.987199541339626,6,6,NA,NA,NA,NA,NA,NA,NA,NA,1,2,NA,NA,NA,NA,NA,NA,NA,NA
6,0.987199541339626,6,6,NA,NA,NA,NA,NA,NA,NA,NA,1,2,NA,NA,NA,NA,NA,NA,NA,NA
6,0.987199541339626,6,6,NA,NA,NA,NA,NA,NA,NA,NA,1,2,NA,NA,NA,NA,NA,NA,NA,NA
6,0.987199541339626,6,6,NA,NA,NA,NA,NA,NA,NA,NA,1,2,NA,NA,NA,NA,NA,NA,NA,NA
6,0.987199541339626,6,6,NA,NA,NA,NA,NA,NA,NA,NA,1,2,NA,NA,NA,NA,NA,NA,NA,NA
6,0.987199541339626,6,6,NA,NA,NA,NA,NA,NA,NA,NA,1,2,NA,NA,NA,NA,NA,NA,NA,NA
6,0.987199541339626,6,6,NA,NA,NA,NA,NA,NA,NA,NA,1,2,NA,NA,NA,NA,NA,NA,NA,NA
6,0.987199541339626,6,6,NA,NA,NA,NA,NA,NA,NA,NA,1,2,NA,NA,NA,NA,NA,NA,NA,NA
6,0.987199541339626,6,6,NA,NA,NA,NA,NA,NA,NA,NA,1,2,NA,NA,NA,NA,NA,NA,NA,NA
6,0.987199541339626,6,6,NA,NA,NA,NA,NA,NA,NA,NA,1,2,NA,NA,NA,NA,NA,NA,NA,NA
6,0.987199541339626,6,6,NA,NA,NA,NA,NA,NA,NA,NA,1,2,NA,NA,NA,NA,NA,NA,NA,NA
6,0.987199541339626,6,6,NA,NA,NA,NA,NA,NA,NA,NA,1,2,NA,NA,NA,NA,NA,NA,NA,NA
6,0.987199541339626,6,6,NA,NA,NA,NA,NA,NA,NA,NA,1,2,NA,NA,NA,NA,NA,NA,NA,NA
6,0.987199541339626,6,6,NA,NA,NA,NA,NA,NA,NA,NA,1,2,NA,NA,NA,NA,NA,NA,NA,NA
6,0.987199541339626,6,6,NA,NA,NA,NA,NA,NA,NA,NA,1,2,NA,NA,NA,NA,NA,NA,NA,NA
6,0.987199541339626,6,6,NA,NA,NA,NA,NA,NA,NA,NA,1,2,NA,NA,NA,NA,NA,NA,NA,NA
6,0.987199541339626,6,6,NA,NA,NA,NA,NA,NA,NA,NA,1,2,NA,NA,NA,NA,NA,NA,NA,NA
6,0.987199541339626,6,6,NA,NA,NA,NA,NA,NA,NA,NA,1,2,NA,NA,NA,NA,NA,NA,NA,NA
6,0.987199541339626,6,6,NA,NA,NA,NA,NA,NA,NA,NA,1,2,NA,NA,NA,NA,NA,NA,NA,NA
6,0.987199541339626,6,6,NA,NA,NA,NA,NA,NA,NA,NA,1,2,NA,NA,NA,NA,NA,NA,NA,NA
6,0.987199541339626,6,6,NA,NA,NA,NA,NA,NA,NA,NA,1,2,NA,NA,NA,NA,NA,NA,NA,NA
6,0.987199541339626,6,6,NA,NA,NA,NA,NA,NA,NA,NA,1,2,NA,NA,NA,NA,NA,NA,NA,NA
6,0.987199541339626,6,6,NA,NA,NA,NA,NA,NA,NA,NA,1,2,NA,NA,NA,NA,NA,NA,NA,NA
6,0.987199541339626,6,6,NA,NA,NA,NA,NA,NA,NA,NA,1,2,NA,NA,NA,NA,NA,NA,NA,NA
6,0.987199541339626,6,6,NA,NA,NA,NA,NA,NA,NA,NA,1,2,NA,NA,NA,NA,NA,NA,NA,NA
6,0.987199541339626,6,6,NA,NA,NA,NA,NA,NA,NA,NA,1,2,NA,NA,NA,NA,NA,NA,NA,NA
6,0.987199541339626,6,6,NA,NA,NA,NA,NA,NA,NA,NA,1,2,NA,NA,NA,NA,NA,NA,NA,NA
6,0.987199541339626,6,6,NA,NA,NA,NA,NA,NA,NA,NA,1,2,NA,NA,NA,NA,NA,NA,NA,NA
6,0.987199541339626,6,6,NA,NA,NA,NA,NA,NA,NA,NA,1,2,NA,NA,NA,NA,NA,NA,NA,NA
6,0.987199541339626,6,6,NA,NA,NA,NA,NA,NA,NA,NA,1,2,NA,NA,NA,NA,NA,NA,NA,NA
6,0.987199541339626,6,6,NA,NA,NA,NA,NA,NA,NA,NA,1,2,NA,NA,NA,NA,NA,NA,NA,NA
6,0.987199541339626,6,6,NA,NA,NA,NA,NA,NA,NA,NA,1,2,NA,NA,NA,NA,NA,NA,NA,NA
6,0.987199541339626,6,6,NA,NA,NA,NA,NA,NA,NA,NA,1,2,NA,NA,NA,NA,NA,NA,NA,NA
6,0.987199541339626,6,6,NA,NA,NA,NA,NA,NA,NA,NA,1,2,NA,NA,NA,NA,NA,NA,NA,NA
6,0.987199541339626,6,6,NA,NA,NA,NA,NA,NA,NA,NA,1,2,NA,NA,NA,NA,NA,NA,NA,NA
6,0.987199541339626,6,6,NA,NA,NA,NA,NA,NA,NA,NA,1,2,NA,NA,NA,NA,NA,NA,NA,NA
6,0.987199541339626,6,6,NA,NA,NA,NA,NA,NA,NA,NA,1,2,NA,NA,NA,NA,NA,NA,NA,NA
6,0.987199541339626,6,6,NA,NA,NA,NA,NA,NA,NA,NA,1,2,NA,NA,NA,NA,NA,NA,NA,NA
6,0.987199541339626,6,6,NA,NA,NA,NA,NA,NA,NA,NA,1,2,NA,NA,NA,NA,NA,NA,NA,NA
6,0.987199541339626,6,6,NA,NA,NA,NA,NA,NA,NA,NA,1,2,NA,NA,NA,NA,NA,NA,NA,NA
6,0.987199541339626,6,6,NA,NA,NA,NA,NA,NA,NA,NA,1,2,NA,NA,NA,NA,NA,NA,NA,NA
6,0.987199541339626,6,6,NA,NA,NA,NA,NA,NA,NA,NA,1,2,NA,NA,NA,NA,NA,NA,NA,NA
6,0.987199541339626,6,6,NA,NA,NA,NA,NA,NA,NA,NA,1,2,NA,NA,NA,NA,NA,NA,NA,NA
6,0.987199541339626,6,6,NA,NA,NA,NA,NA,NA,NA,NA,1,2,NA,NA,NA,NA,NA,NA,NA,NA
6,0.987199541339626,6,6,NA,NA,NA,NA,NA,NA,NA,NA,1,2,NA,NA,NA,NA,NA,NA,NA,NA
6,0.987199541339626,6,6,NA,NA,NA,NA,NA,NA,NA,NA,1,2,NA,NA,NA,NA,NA,NA,NA,NA
6,0.987199541339626,6,6,NA,NA,NA,NA,NA,NA,NA,NA,1,2,NA,NA,NA,NA,NA,NA,NA,NA
6,0.987199541339626,6,6,NA,NA,NA,NA,NA,NA,NA,NA,1,2,NA,NA,NA,NA,NA,NA,NA,NA
6,0.987199541339626,6,6,NA,NA,NA,NA,NA,NA,NA,NA,1,2,NA,NA,NA,NA,NA,NA,NA,NA
6,0.987199541339626,6,6,NA,NA,NA,NA,NA,NA,NA,NA,1,2,NA,NA,NA,NA,NA,NA,NA,NA
6,0.987199541339626,6,6,NA,NA,NA,NA,NA,NA,NA,NA,1,2,NA,NA,NA,NA,NA,NA,NA,NA
6,0.987199541339626,6,6,NA,NA,NA,NA,NA,NA,NA,NA,1,2,NA,NA,NA,NA,NA,NA,NA,NA
6,0.987199541339626,6,6,NA,NA,NA,NA,NA,NA,NA,NA,1,2,NA,NA,NA,NA,NA,NA,NA,NA
6,0.987199541339626,6,6,NA,NA,NA,NA,NA,NA,NA,NA,1,2,NA,NA,NA,NA,NA,NA,NA,NA
6,0.987199541339626,6,6,NA,NA,NA,NA,NA,NA,NA,NA,1,2,NA,NA,NA,NA,NA,NA,NA,NA
6,0.987199541339626,6,6,NA,NA,NA,NA,NA,NA,NA,NA,1,2,NA,NA,NA,NA,NA,NA,NA,NA
6,0.987199541339626,6,6,NA,NA,NA,NA,NA,NA,NA,NA,1,2,NA,NA,NA,NA,NA,NA,NA,NA
6,0.987199541339626,6,6,NA,NA,NA,NA,NA,NA,NA,NA,1,2,NA,NA,NA,NA,NA,NA,NA,NA
6,0.987199541339626,6,6,NA,NA,NA,NA,NA,NA,NA,NA,1,2,NA,NA,NA,NA,NA,NA,NA,NA
6,0.987199541339626,6,6,NA,NA,NA,NA,NA,NA,NA,NA,1,2,NA,NA,NA,NA,NA,NA,NA,NA
6,0.987199541339626,6,6,NA,NA,NA,NA,NA,NA,NA,NA,1,2,NA,NA,NA,NA,NA,NA,NA,NA
6,0.987199541339626,6,6,NA,NA,NA,NA,NA,NA,NA,NA,1,2,NA,NA,NA,NA,NA,NA,NA,NA
6,0.987199541339626,6,6,NA,NA,NA,NA,NA,NA,NA,NA,1,2,NA,NA,NA,NA,NA,NA,NA,NA
6,0.987199541339626,6,6,NA,NA,NA,NA,NA,NA,NA,NA,1,2,NA,NA,NA,NA,NA,NA,NA,NA
6,0.987199541339626,6,6,NA,NA,NA,NA,NA,NA,NA,NA,1,2,NA,NA,NA,NA,NA,NA,NA,NA
6,0.987199541339626,6,6,NA,NA,NA,NA,NA,NA,NA,NA,1,2,NA,NA,NA,NA,NA,NA,NA,NA
6,0.987199541339626,6,6,NA,NA,NA,NA,NA,NA,NA,NA,1,2,NA,NA,NA,NA,NA,NA,NA,NA
6,0.987199541339626,6,6,NA,NA,NA,NA,NA,NA,NA,NA,1,2,NA,NA,NA,NA,NA,NA,NA,NA
6,0.987199541339626,6,6,NA,NA,NA,NA,NA,NA,NA,NA,1,2,NA,NA,NA,NA,NA,NA,NA,NA
6,0.987199541339626,6,6,NA,NA,NA,NA,NA,NA,NA,NA,1,2,NA,NA,NA,NA,NA,NA,NA,NA
6,0.987199541339626,6,6,NA,NA,NA,NA,NA,NA,NA,NA,1,2,NA,NA,NA,NA,NA,NA,NA,NA
6,0.987199541339626,6,6,NA,NA,NA,NA,NA,NA,NA,NA,1,2,NA,NA,NA,NA,NA,NA,NA,NA
6,0.987199541339626,6,6,NA,NA,NA,NA,NA,NA,NA,NA,1,2,NA,NA,NA,NA,NA,NA,NA,NA
6,0.987199541339626,6,6,NA,NA,NA,NA,NA,NA,NA,NA,1,2,NA,NA,NA,NA,NA,NA,NA,NA
6,0.987199541339626,6,6,NA,NA,NA,NA,NA,NA,NA,NA,1,2,NA,NA,NA,NA,NA,NA,NA,NA
6,0.987199541339626,6,6,NA,NA,NA,NA,NA,NA,NA,NA,1,2,NA,NA,NA,NA,NA,NA,NA,NA
6,0.987199541339626,6,6,NA,NA,NA,NA,NA,NA,NA,NA,1,2,NA,NA,NA,NA,NA,NA,NA,NA
6,0.987199541339626,6,6,NA,NA,NA,NA,NA,NA,NA,NA,1,2,NA,NA,NA,NA,NA,NA,NA,NA
6,0.987199541339626,6,6,NA,NA,NA,NA,NA,NA,NA,NA,1,2,NA,NA,NA,NA,NA,NA,NA,NA
6,0.987199541339626,6,6,NA,NA,NA,NA,NA,NA,NA,NA,1,2,NA,NA,NA,NA,NA,NA,NA,NA
6,0.987199541339626,6,6,NA,NA,NA,NA,NA,NA,NA,NA,1,2,NA,NA,NA,NA,NA,NA,NA,NA
6,0.987199541339626,6,6,NA,NA,NA,NA,NA,NA,NA,NA,1,2,NA,NA,NA,NA,NA,NA,NA,NA
6,0.987199541339626,6,6,NA,NA,NA,NA,NA,NA,NA,NA,1,2,NA,NA,NA,NA,NA,NA,NA,NA
